mape_test,rmse_test,days_in_test
14.760466301451453,2.092956413527583,14
